-- phpMyAdmin SQL Dump
-- version 5.1.3
-- https://www.phpmyadmin.net/
--
-- Host: localhost:3306
-- Generation Time: Mar 12, 2023 at 03:27 AM
-- Server version: 5.7.24
-- PHP Version: 8.1.1

SET SQL_MODE = "NO_AUTO_VALUE_ON_ZERO";
START TRANSACTION;
SET time_zone = "+00:00";


/*!40101 SET @OLD_CHARACTER_SET_CLIENT=@@CHARACTER_SET_CLIENT */;
/*!40101 SET @OLD_CHARACTER_SET_RESULTS=@@CHARACTER_SET_RESULTS */;
/*!40101 SET @OLD_COLLATION_CONNECTION=@@COLLATION_CONNECTION */;
/*!40101 SET NAMES utf8mb4 */;

--
-- Database: `nadila`
--

-- --------------------------------------------------------

--
-- Table structure for table `centroid`
--

CREATE TABLE `centroid` (
  `id_centroid` int(11) NOT NULL,
  `id_iterasi` int(11) NOT NULL,
  `Pusat_C1` int(11) NOT NULL,
  `Pusat_C2` int(11) NOT NULL,
  `Pusat_C3` int(11) NOT NULL
) ENGINE=InnoDB DEFAULT CHARSET=latin1;

--
-- Dumping data for table `centroid`
--

INSERT INTO `centroid` (`id_centroid`, `id_iterasi`, `Pusat_C1`, `Pusat_C2`, `Pusat_C3`) VALUES
(55, 19, 55, 53, 2),
(56, 19, 77, 74, 1),
(57, 19, 58, 58, 1),
(58, 20, 23, 29, 1),
(59, 20, 352, 336, 7),
(60, 20, 39, 81, 2),
(61, 21, 22, 26, 1),
(62, 21, 761, 727, 12),
(63, 21, 91, 99, 4),
(64, 22, 25, 33, 1),
(65, 22, 1227, 1131, 18),
(66, 22, 146, 153, 4),
(67, 23, 32, 43, 1),
(68, 23, 2394, 2280, 29),
(69, 23, 240, 225, 6),
(70, 24, 41, 53, 2),
(71, 24, 5129, 5028, 68),
(72, 24, 361, 327, 7),
(73, 25, 56, 62, 2),
(74, 25, 5129, 5028, 68),
(75, 25, 470, 440, 8),
(76, 26, 60, 65, 2),
(77, 26, 5129, 5028, 68),
(78, 26, 506, 473, 8),
(79, 27, 62, 67, 2),
(80, 27, 5129, 5028, 68),
(81, 27, 524, 493, 9);

-- --------------------------------------------------------

--
-- Table structure for table `centroid_awal`
--

CREATE TABLE `centroid_awal` (
  `id` int(11) NOT NULL,
  `no_centroid` int(11) NOT NULL,
  `id_covid` int(11) NOT NULL,
  `id_jumlah_cluster` int(11) NOT NULL
) ENGINE=InnoDB DEFAULT CHARSET=latin1;

--
-- Dumping data for table `centroid_awal`
--

INSERT INTO `centroid_awal` (`id`, `no_centroid`, `id_covid`, `id_jumlah_cluster`) VALUES
(1, 1, 11, 1),
(4, 1, 18, 2),
(5, 1, 22, 3),
(6, 2, 11, 2),
(7, 3, 18, 2),
(8, 4, 31, 2),
(9, 2, 16, 3),
(10, 5, 19, 3),
(11, 4, 12, 3),
(12, 3, 24, 3),
(13, 3, 21, 1),
(14, 2, 51, 1);

-- --------------------------------------------------------

--
-- Table structure for table `cluster_3`
--

CREATE TABLE `cluster_3` (
  `id_cluster` int(11) NOT NULL,
  `id_iterasi` int(11) NOT NULL,
  `id_covid` int(11) NOT NULL,
  `C1` int(11) NOT NULL,
  `C2` int(11) NOT NULL,
  `C3` int(11) NOT NULL,
  `Hasil` int(11) NOT NULL
) ENGINE=InnoDB DEFAULT CHARSET=latin1;

--
-- Dumping data for table `cluster_3`
--

INSERT INTO `cluster_3` (`id_cluster`, `id_iterasi`, `id_covid`, `C1`, `C2`, `C3`, `Hasil`) VALUES
(1855, 19, 11, 0, 30, 6, 1),
(1856, 19, 12, 64, 34, 59, 2),
(1857, 19, 16, 35, 66, 41, 1),
(1858, 19, 18, 36, 67, 42, 1),
(1859, 19, 19, 35, 6, 30, 2),
(1860, 19, 20, 25, 56, 31, 1),
(1861, 19, 21, 6, 25, 0, 3),
(1862, 19, 22, 33, 63, 38, 1),
(1863, 19, 23, 20, 50, 25, 1),
(1864, 19, 24, 13, 41, 17, 1),
(1865, 19, 25, 256, 226, 251, 2),
(1866, 19, 26, 342, 312, 337, 2),
(1867, 19, 27, 556, 526, 551, 2),
(1868, 19, 28, 49, 59, 51, 1),
(1869, 19, 29, 247, 228, 245, 2),
(1870, 19, 30, 113, 100, 111, 2),
(1871, 19, 31, 237, 218, 235, 2),
(1872, 19, 32, 47, 61, 50, 1),
(1873, 19, 33, 109, 97, 108, 2),
(1874, 19, 34, 147, 120, 141, 2),
(1875, 19, 35, 434, 404, 429, 2),
(1876, 19, 36, 935, 905, 930, 2),
(1877, 19, 37, 691, 664, 686, 2),
(1878, 19, 38, 47, 78, 53, 1),
(1879, 19, 39, 511, 480, 505, 2),
(1880, 19, 40, 8, 35, 13, 1),
(1881, 19, 41, 33, 2, 27, 2),
(1882, 19, 42, 69, 100, 75, 1),
(1883, 19, 43, 59, 90, 65, 1),
(1884, 19, 44, 20, 50, 26, 1),
(1885, 19, 45, 46, 76, 52, 1),
(1886, 19, 46, 143, 113, 137, 2),
(1887, 19, 47, 67, 98, 73, 1),
(1888, 19, 48, 72, 103, 78, 1),
(1889, 19, 49, 288, 257, 282, 2),
(1890, 19, 50, 602, 572, 597, 2),
(1891, 19, 51, 30, 0, 25, 2),
(1892, 19, 52, 153, 122, 147, 2),
(1893, 19, 53, 197, 166, 191, 2),
(1894, 19, 54, 57, 88, 63, 1),
(1895, 19, 55, 52, 82, 57, 1),
(1896, 19, 56, 33, 2, 27, 2),
(1897, 19, 57, 46, 76, 52, 1),
(1898, 19, 58, 52, 83, 58, 1),
(1899, 19, 59, 245, 214, 239, 2),
(1900, 19, 60, 722, 692, 716, 2),
(1901, 19, 61, 7106, 7076, 7101, 2),
(1902, 19, 62, 366, 336, 361, 2),
(1903, 19, 63, 47, 17, 42, 2),
(1904, 19, 64, 109, 79, 103, 2),
(1905, 19, 65, 141, 111, 136, 2),
(1906, 19, 66, 54, 85, 60, 1),
(1907, 19, 67, 1658, 1628, 1653, 2),
(1908, 19, 68, 33, 63, 38, 1),
(1909, 19, 69, 120, 89, 114, 2),
(1910, 19, 70, 17, 47, 23, 1),
(1911, 19, 71, 29, 51, 31, 1),
(1912, 19, 72, 45, 73, 50, 1),
(1913, 19, 73, 62, 92, 67, 1),
(1914, 19, 74, 118, 99, 113, 2),
(1915, 19, 75, 20, 47, 24, 1),
(1916, 19, 76, 42, 25, 37, 2),
(1917, 19, 77, 42, 71, 47, 1),
(1918, 19, 78, 14, 33, 14, 3),
(1919, 19, 79, 21, 37, 20, 3),
(1920, 19, 80, 40, 66, 44, 1),
(1921, 19, 81, 69, 100, 75, 1),
(1922, 19, 82, 66, 97, 72, 1),
(1923, 19, 83, 103, 74, 97, 2),
(1924, 19, 84, 33, 45, 32, 3),
(1925, 19, 85, 40, 47, 38, 3),
(1926, 19, 86, 21, 50, 26, 1),
(1927, 19, 87, 515, 490, 510, 2),
(1928, 19, 88, 113, 88, 107, 2),
(1929, 19, 89, 34, 56, 36, 1),
(1930, 19, 90, 41, 70, 46, 1),
(1931, 19, 91, 54, 84, 59, 1),
(1932, 19, 92, 51, 52, 48, 3),
(1933, 19, 93, 48, 78, 54, 1),
(1934, 19, 94, 32, 61, 37, 1),
(1935, 19, 95, 49, 47, 46, 3),
(1936, 19, 96, 62, 92, 67, 1),
(1937, 19, 97, 33, 61, 37, 1),
(1938, 19, 98, 39, 58, 40, 1),
(1939, 19, 99, 31, 58, 35, 1),
(1940, 19, 100, 66, 97, 72, 1),
(1941, 19, 101, 76, 107, 82, 1),
(1942, 19, 102, 57, 59, 55, 3),
(1943, 19, 103, 42, 24, 36, 2),
(1944, 19, 104, 158, 132, 152, 2),
(1945, 19, 105, 41, 69, 45, 1),
(1946, 19, 106, 25, 22, 20, 3),
(1947, 19, 107, 55, 86, 61, 1),
(1948, 19, 108, 69, 50, 64, 2),
(1949, 19, 109, 49, 33, 44, 2),
(1950, 19, 110, 67, 98, 73, 1),
(1951, 19, 111, 48, 79, 54, 1),
(1952, 19, 112, 60, 36, 54, 2),
(1953, 19, 113, 26, 18, 21, 2),
(1954, 19, 114, 37, 67, 42, 1),
(1955, 19, 115, 49, 76, 53, 1),
(1956, 19, 116, 132, 108, 127, 2),
(1957, 19, 117, 582, 552, 576, 2),
(1958, 20, 11, 40, 410, 32, 3),
(1959, 20, 12, 104, 346, 63, 3),
(1960, 20, 16, 7, 446, 54, 1),
(1961, 20, 18, 5, 446, 53, 1),
(1962, 20, 19, 75, 375, 41, 3),
(1963, 20, 20, 15, 436, 46, 1),
(1964, 20, 21, 45, 405, 29, 3),
(1965, 20, 22, 7, 443, 48, 1),
(1966, 20, 23, 20, 430, 41, 1),
(1967, 20, 24, 29, 421, 29, 3),
(1968, 20, 25, 296, 154, 251, 2),
(1969, 20, 26, 382, 69, 337, 2),
(1970, 20, 27, 596, 146, 550, 2),
(1971, 20, 28, 65, 416, 80, 1),
(1972, 20, 29, 279, 302, 266, 3),
(1973, 20, 30, 142, 360, 137, 3),
(1974, 20, 31, 268, 309, 256, 3),
(1975, 20, 32, 59, 422, 79, 1),
(1976, 20, 33, 137, 366, 134, 3),
(1977, 20, 34, 181, 287, 128, 3),
(1978, 20, 35, 473, 36, 426, 2),
(1979, 20, 36, 974, 532, 932, 2),
(1980, 20, 37, 727, 390, 700, 2),
(1981, 20, 38, 11, 458, 64, 1),
(1982, 20, 39, 550, 103, 506, 2),
(1983, 20, 40, 37, 415, 40, 1),
(1984, 20, 41, 72, 378, 40, 3),
(1985, 20, 42, 31, 480, 83, 1),
(1986, 20, 43, 21, 470, 74, 1),
(1987, 20, 44, 21, 430, 43, 1),
(1988, 20, 45, 9, 456, 63, 1),
(1989, 20, 46, 182, 267, 139, 3),
(1990, 20, 47, 29, 477, 83, 1),
(1991, 20, 48, 33, 483, 86, 1),
(1992, 20, 49, 327, 127, 285, 2),
(1993, 20, 50, 642, 193, 596, 2),
(1994, 20, 51, 70, 380, 38, 3),
(1995, 20, 52, 192, 258, 151, 3),
(1996, 20, 53, 236, 214, 191, 3),
(1997, 20, 54, 19, 468, 73, 1),
(1998, 20, 55, 13, 462, 67, 1),
(1999, 20, 56, 72, 378, 39, 3),
(2000, 20, 57, 10, 456, 63, 1),
(2001, 20, 58, 14, 463, 68, 1),
(2002, 20, 59, 284, 166, 238, 2),
(2003, 20, 60, 761, 312, 715, 2),
(2004, 20, 61, 7146, 6696, 7098, 2),
(2005, 20, 62, 405, 45, 359, 2),
(2006, 20, 63, 87, 363, 51, 3),
(2007, 20, 64, 148, 304, 110, 3),
(2008, 20, 65, 181, 269, 137, 3),
(2009, 20, 66, 17, 465, 70, 1),
(2010, 20, 67, 1697, 1248, 1650, 2),
(2011, 20, 68, 10, 443, 52, 1),
(2012, 20, 69, 159, 291, 115, 3),
(2013, 20, 70, 23, 427, 40, 1),
(2014, 20, 71, 33, 425, 22, 3),
(2015, 20, 72, 18, 450, 48, 1),
(2016, 20, 73, 22, 471, 72, 1),
(2017, 20, 74, 145, 339, 92, 3),
(2018, 20, 75, 26, 425, 28, 1),
(2019, 20, 76, 75, 378, 27, 3),
(2020, 20, 77, 7, 450, 51, 1),
(2021, 20, 78, 41, 410, 18, 3),
(2022, 20, 79, 42, 411, 13, 3),
(2023, 20, 80, 22, 442, 39, 1),
(2024, 20, 81, 30, 480, 82, 1),
(2025, 20, 82, 27, 476, 78, 1),
(2026, 20, 83, 141, 312, 92, 3),
(2027, 20, 84, 48, 412, 8, 3),
(2028, 20, 85, 56, 408, 9, 3),
(2029, 20, 86, 20, 430, 35, 1),
(2030, 20, 87, 547, 268, 493, 2),
(2031, 20, 88, 146, 318, 93, 3),
(2032, 20, 89, 34, 428, 25, 3),
(2033, 20, 90, 13, 448, 47, 1),
(2034, 20, 91, 15, 463, 63, 1),
(2035, 20, 92, 68, 401, 19, 3),
(2036, 20, 93, 10, 457, 58, 1),
(2037, 20, 94, 11, 440, 43, 1),
(2038, 20, 95, 71, 394, 18, 3),
(2039, 20, 96, 23, 472, 74, 1),
(2040, 20, 97, 20, 437, 36, 1),
(2041, 20, 98, 38, 428, 25, 3),
(2042, 20, 99, 21, 435, 34, 1),
(2043, 20, 100, 27, 476, 78, 1),
(2044, 20, 101, 38, 487, 90, 1),
(2045, 20, 102, 72, 404, 25, 3),
(2046, 20, 103, 76, 377, 27, 3),
(2047, 20, 104, 192, 279, 139, 3),
(2048, 20, 105, 17, 446, 44, 1),
(2049, 20, 106, 58, 394, 16, 3),
(2050, 20, 107, 16, 466, 69, 1),
(2051, 20, 108, 100, 361, 47, 3),
(2052, 20, 109, 81, 375, 29, 3),
(2053, 20, 110, 28, 478, 80, 1),
(2054, 20, 111, 10, 458, 64, 1),
(2055, 20, 112, 95, 359, 45, 3),
(2056, 20, 113, 62, 389, 21, 3),
(2057, 20, 114, 3, 447, 51, 1),
(2058, 20, 115, 19, 453, 51, 1),
(2059, 20, 116, 165, 306, 111, 3),
(2060, 20, 117, 619, 208, 567, 2),
(2061, 21, 11, 42, 976, 59, 1),
(2062, 21, 12, 107, 912, 8, 3),
(2063, 21, 16, 8, 1011, 94, 1),
(2064, 21, 18, 7, 1012, 95, 1),
(2065, 21, 19, 78, 941, 24, 3),
(2066, 21, 20, 17, 1001, 84, 1),
(2067, 21, 21, 48, 970, 53, 1),
(2068, 21, 22, 10, 1009, 91, 1),
(2069, 21, 23, 23, 996, 79, 1),
(2070, 21, 24, 33, 986, 69, 1),
(2071, 21, 25, 299, 720, 198, 3),
(2072, 21, 26, 385, 634, 284, 3),
(2073, 21, 27, 599, 420, 498, 2),
(2074, 21, 28, 65, 980, 84, 1),
(2075, 21, 29, 280, 827, 219, 3),
(2076, 21, 30, 143, 918, 103, 3),
(2077, 21, 31, 269, 838, 211, 3),
(2078, 21, 32, 59, 986, 87, 1),
(2079, 21, 33, 138, 925, 102, 3),
(2080, 21, 34, 185, 847, 93, 3),
(2081, 21, 35, 477, 543, 376, 3),
(2082, 21, 36, 977, 142, 878, 2),
(2083, 21, 37, 729, 508, 645, 2),
(2084, 21, 38, 7, 1023, 106, 1),
(2085, 21, 39, 553, 467, 453, 3),
(2086, 21, 40, 40, 980, 64, 1),
(2087, 21, 41, 75, 943, 28, 3),
(2088, 21, 42, 27, 1045, 128, 1),
(2089, 21, 43, 17, 1035, 118, 1),
(2090, 21, 44, 23, 996, 79, 1),
(2091, 21, 45, 6, 1022, 105, 1),
(2092, 21, 46, 185, 833, 85, 3),
(2093, 21, 47, 26, 1043, 126, 1),
(2094, 21, 48, 30, 1048, 131, 1),
(2095, 21, 49, 330, 690, 231, 3),
(2096, 21, 50, 645, 375, 544, 2),
(2097, 21, 51, 73, 945, 29, 3),
(2098, 21, 52, 195, 824, 96, 3),
(2099, 21, 53, 239, 779, 138, 3),
(2100, 21, 54, 16, 1033, 116, 1),
(2101, 21, 55, 10, 1028, 110, 1),
(2102, 21, 56, 75, 943, 27, 3),
(2103, 21, 57, 6, 1022, 105, 1),
(2104, 21, 58, 11, 1028, 111, 1),
(2105, 21, 59, 287, 731, 186, 3),
(2106, 21, 60, 764, 254, 664, 2),
(2107, 21, 61, 7149, 6131, 7048, 2),
(2108, 21, 62, 409, 610, 308, 3),
(2109, 21, 63, 90, 928, 15, 3),
(2110, 21, 64, 151, 869, 55, 3),
(2111, 21, 65, 184, 835, 83, 3),
(2112, 21, 66, 13, 1030, 113, 1),
(2113, 21, 67, 1701, 683, 1600, 2),
(2114, 21, 68, 11, 1008, 92, 1),
(2115, 21, 69, 162, 856, 61, 3),
(2116, 21, 70, 26, 993, 76, 1),
(2117, 21, 71, 36, 990, 75, 1),
(2118, 21, 72, 19, 1016, 99, 1),
(2119, 21, 73, 19, 1037, 120, 1),
(2120, 21, 74, 149, 898, 80, 3),
(2121, 21, 75, 30, 990, 73, 1),
(2122, 21, 76, 79, 943, 30, 3),
(2123, 21, 77, 9, 1016, 98, 1),
(2124, 21, 78, 45, 975, 58, 1),
(2125, 21, 79, 46, 976, 59, 1),
(2126, 21, 80, 25, 1007, 91, 1),
(2127, 21, 81, 27, 1045, 128, 1),
(2128, 21, 82, 24, 1042, 124, 1),
(2129, 21, 83, 144, 876, 45, 3),
(2130, 21, 84, 52, 977, 64, 1),
(2131, 21, 85, 60, 972, 62, 1),
(2132, 21, 86, 24, 995, 78, 1),
(2133, 21, 87, 551, 597, 462, 3),
(2134, 21, 88, 150, 880, 62, 3),
(2135, 21, 89, 37, 993, 78, 1),
(2136, 21, 90, 15, 1013, 96, 1),
(2137, 21, 91, 13, 1029, 111, 1),
(2138, 21, 92, 71, 965, 61, 3),
(2139, 21, 93, 10, 1023, 105, 1),
(2140, 21, 94, 14, 1006, 88, 1),
(2141, 21, 95, 74, 958, 54, 3),
(2142, 21, 96, 20, 1038, 120, 1),
(2143, 21, 97, 23, 1003, 86, 1),
(2144, 21, 98, 41, 993, 79, 1),
(2145, 21, 99, 24, 1001, 84, 1),
(2146, 21, 100, 24, 1042, 124, 1),
(2147, 21, 101, 34, 1052, 135, 1),
(2148, 21, 102, 75, 967, 68, 3),
(2149, 21, 103, 79, 942, 29, 3),
(2150, 21, 104, 195, 838, 104, 3),
(2151, 21, 105, 19, 1011, 94, 1),
(2152, 21, 106, 61, 959, 42, 3),
(2153, 21, 107, 13, 1031, 114, 1),
(2154, 21, 108, 104, 924, 37, 3),
(2155, 21, 109, 84, 940, 33, 3),
(2156, 21, 110, 25, 1043, 126, 1),
(2157, 21, 111, 7, 1024, 107, 1),
(2158, 21, 112, 98, 924, 21, 3),
(2159, 21, 113, 65, 954, 38, 3),
(2160, 21, 114, 7, 1012, 95, 1),
(2161, 21, 115, 21, 1018, 102, 1),
(2162, 21, 116, 168, 866, 82, 3),
(2163, 21, 117, 622, 434, 523, 2),
(2164, 22, 11, 36, 1592, 135, 1),
(2165, 22, 12, 100, 1528, 70, 3),
(2166, 22, 16, 7, 1627, 170, 1),
(2167, 22, 18, 5, 1628, 171, 1),
(2168, 22, 19, 71, 1557, 100, 1),
(2169, 22, 20, 12, 1617, 160, 1),
(2170, 22, 21, 41, 1586, 129, 1),
(2171, 22, 22, 3, 1625, 167, 1),
(2172, 22, 23, 17, 1612, 155, 1),
(2173, 22, 24, 25, 1602, 145, 1),
(2174, 22, 25, 292, 1336, 122, 3),
(2175, 22, 26, 378, 1250, 208, 3),
(2176, 22, 27, 592, 1036, 422, 3),
(2177, 22, 28, 64, 1595, 149, 1),
(2178, 22, 29, 277, 1431, 193, 3),
(2179, 22, 30, 140, 1531, 126, 3),
(2180, 22, 31, 266, 1442, 188, 3),
(2181, 22, 32, 59, 1601, 154, 1),
(2182, 22, 33, 136, 1537, 130, 3),
(2183, 22, 34, 177, 1463, 56, 3),
(2184, 22, 35, 470, 1159, 300, 3),
(2185, 22, 36, 971, 674, 804, 2),
(2186, 22, 37, 725, 1040, 583, 3),
(2187, 22, 38, 14, 1639, 182, 1),
(2188, 22, 39, 547, 1082, 377, 3),
(2189, 22, 40, 34, 1596, 140, 1),
(2190, 22, 41, 68, 1559, 103, 1),
(2191, 22, 42, 35, 1661, 204, 1),
(2192, 22, 43, 25, 1651, 194, 1),
(2193, 22, 44, 18, 1612, 155, 1),
(2194, 22, 45, 13, 1638, 181, 1),
(2195, 22, 46, 179, 1449, 14, 3),
(2196, 22, 47, 33, 1659, 202, 1),
(2197, 22, 48, 37, 1664, 207, 1),
(2198, 22, 49, 324, 1305, 156, 3),
(2199, 22, 50, 638, 990, 468, 3),
(2200, 22, 51, 66, 1562, 105, 1),
(2201, 22, 52, 189, 1440, 28, 3),
(2202, 22, 53, 232, 1395, 63, 3),
(2203, 22, 54, 23, 1649, 192, 1),
(2204, 22, 55, 18, 1644, 186, 1),
(2205, 22, 56, 68, 1560, 102, 1),
(2206, 22, 57, 13, 1638, 181, 1),
(2207, 22, 58, 18, 1644, 187, 1),
(2208, 22, 59, 280, 1348, 110, 3),
(2209, 22, 60, 757, 871, 587, 3),
(2210, 22, 61, 7142, 5515, 6972, 2),
(2211, 22, 62, 402, 1226, 232, 3),
(2212, 22, 63, 83, 1545, 88, 1),
(2213, 22, 64, 145, 1485, 38, 3),
(2214, 22, 65, 177, 1451, 11, 3),
(2215, 22, 66, 21, 1646, 189, 1),
(2216, 22, 67, 1694, 86, 1524, 2),
(2217, 22, 68, 9, 1624, 167, 1),
(2218, 22, 69, 155, 1473, 17, 3),
(2219, 22, 70, 20, 1609, 152, 1),
(2220, 22, 71, 29, 1607, 149, 1),
(2221, 22, 72, 17, 1632, 174, 1),
(2222, 22, 73, 26, 1653, 196, 1),
(2223, 22, 74, 141, 1514, 92, 3),
(2224, 22, 75, 22, 1607, 149, 1),
(2225, 22, 76, 71, 1559, 102, 1),
(2226, 22, 77, 7, 1632, 174, 1),
(2227, 22, 78, 37, 1591, 134, 1),
(2228, 22, 79, 38, 1592, 135, 1),
(2229, 22, 80, 20, 1624, 166, 1),
(2230, 22, 81, 34, 1661, 204, 1),
(2231, 22, 82, 30, 1658, 200, 1),
(2232, 22, 83, 137, 1493, 38, 3),
(2233, 22, 84, 44, 1593, 137, 1),
(2234, 22, 85, 52, 1588, 133, 1),
(2235, 22, 86, 16, 1612, 154, 1),
(2236, 22, 87, 543, 1187, 400, 3),
(2237, 22, 88, 142, 1496, 59, 3),
(2238, 22, 89, 30, 1610, 153, 1),
(2239, 22, 90, 11, 1630, 172, 1),
(2240, 22, 91, 18, 1645, 187, 1),
(2241, 22, 92, 64, 1581, 128, 1),
(2242, 22, 93, 13, 1639, 181, 1),
(2243, 22, 94, 7, 1622, 165, 1),
(2244, 22, 95, 67, 1575, 121, 1),
(2245, 22, 96, 26, 1654, 196, 1),
(2246, 22, 97, 17, 1619, 161, 1),
(2247, 22, 98, 34, 1609, 153, 1),
(2248, 22, 99, 17, 1617, 159, 1),
(2249, 22, 100, 30, 1658, 201, 1),
(2250, 22, 101, 41, 1668, 211, 1),
(2251, 22, 102, 68, 1583, 132, 1),
(2252, 22, 103, 72, 1559, 101, 1),
(2253, 22, 104, 188, 1455, 63, 3),
(2254, 22, 105, 15, 1628, 170, 1),
(2255, 22, 106, 54, 1575, 118, 1),
(2256, 22, 107, 20, 1647, 190, 1),
(2257, 22, 108, 96, 1541, 89, 3),
(2258, 22, 109, 77, 1556, 101, 1),
(2259, 22, 110, 32, 1659, 202, 1),
(2260, 22, 111, 14, 1640, 183, 1),
(2261, 22, 112, 91, 1540, 84, 3),
(2262, 22, 113, 58, 1571, 113, 1),
(2263, 22, 114, 2, 1628, 171, 1),
(2264, 22, 115, 19, 1635, 177, 1),
(2265, 22, 116, 161, 1483, 64, 3),
(2266, 22, 117, 615, 1040, 449, 3),
(2267, 23, 11, 25, 3230, 252, 1),
(2268, 23, 12, 88, 3165, 188, 1),
(2269, 23, 16, 16, 3265, 287, 1),
(2270, 23, 18, 15, 3266, 288, 1),
(2271, 23, 19, 59, 3194, 217, 1),
(2272, 23, 20, 10, 3255, 277, 1),
(2273, 23, 21, 30, 3224, 246, 1),
(2274, 23, 22, 10, 3262, 285, 1),
(2275, 23, 23, 9, 3250, 272, 1),
(2276, 23, 24, 13, 3240, 262, 1),
(2277, 23, 25, 280, 2974, 4, 3),
(2278, 23, 26, 366, 2888, 90, 3),
(2279, 23, 27, 580, 2674, 304, 3),
(2280, 23, 28, 61, 3233, 259, 1),
(2281, 23, 29, 270, 3066, 196, 3),
(2282, 23, 30, 134, 3169, 210, 1),
(2283, 23, 31, 260, 3078, 198, 3),
(2284, 23, 32, 57, 3240, 265, 1),
(2285, 23, 33, 130, 3175, 216, 1),
(2286, 23, 34, 165, 3099, 139, 3),
(2287, 23, 35, 457, 2796, 184, 3),
(2288, 23, 36, 959, 2308, 686, 3),
(2289, 23, 37, 715, 2651, 486, 3),
(2290, 23, 38, 26, 3277, 299, 1),
(2291, 23, 39, 535, 2720, 259, 3),
(2292, 23, 40, 25, 3234, 256, 1),
(2293, 23, 41, 57, 3197, 219, 1),
(2294, 23, 42, 47, 3299, 321, 1),
(2295, 23, 43, 37, 3289, 311, 1),
(2296, 23, 44, 12, 3250, 272, 1),
(2297, 23, 45, 25, 3276, 298, 1),
(2298, 23, 46, 167, 3087, 109, 3),
(2299, 23, 47, 46, 3297, 319, 1),
(2300, 23, 48, 50, 3302, 324, 1),
(2301, 23, 49, 312, 2943, 42, 3),
(2302, 23, 50, 626, 2628, 350, 3),
(2303, 23, 51, 55, 3199, 222, 1),
(2304, 23, 52, 177, 3077, 100, 3),
(2305, 23, 53, 220, 3033, 56, 3),
(2306, 23, 54, 36, 3287, 309, 1),
(2307, 23, 55, 30, 3281, 304, 1),
(2308, 23, 56, 56, 3197, 219, 1),
(2309, 23, 57, 25, 3276, 298, 1),
(2310, 23, 58, 31, 3282, 304, 1),
(2311, 23, 59, 268, 2985, 11, 3),
(2312, 23, 60, 745, 2508, 470, 3),
(2313, 23, 61, 7130, 3877, 6854, 2),
(2314, 23, 62, 390, 2864, 115, 3),
(2315, 23, 63, 71, 3182, 205, 1),
(2316, 23, 64, 133, 3123, 145, 1),
(2317, 23, 65, 165, 3088, 111, 3),
(2318, 23, 66, 33, 3284, 306, 1),
(2319, 23, 67, 1681, 1572, 1406, 3),
(2320, 23, 68, 15, 3262, 284, 1),
(2321, 23, 69, 143, 3110, 133, 3),
(2322, 23, 70, 11, 3247, 269, 1),
(2323, 23, 71, 19, 3244, 268, 1),
(2324, 23, 72, 21, 3269, 293, 1),
(2325, 23, 73, 38, 3291, 313, 1),
(2326, 23, 74, 130, 3149, 191, 1),
(2327, 23, 75, 10, 3244, 267, 1),
(2328, 23, 76, 59, 3196, 220, 1),
(2329, 23, 77, 17, 3270, 292, 1),
(2330, 23, 78, 25, 3229, 251, 1),
(2331, 23, 79, 26, 3230, 253, 1),
(2332, 23, 80, 18, 3261, 284, 1),
(2333, 23, 81, 46, 3299, 321, 1),
(2334, 23, 82, 43, 3296, 318, 1),
(2335, 23, 83, 124, 3130, 155, 1),
(2336, 23, 84, 34, 3230, 255, 1),
(2337, 23, 85, 42, 3225, 251, 1),
(2338, 23, 86, 4, 3249, 272, 1),
(2339, 23, 87, 531, 2801, 329, 3),
(2340, 23, 88, 130, 3133, 165, 1),
(2341, 23, 89, 22, 3247, 271, 1),
(2342, 23, 90, 16, 3267, 290, 1),
(2343, 23, 91, 29, 3282, 305, 1),
(2344, 23, 92, 54, 3218, 245, 1),
(2345, 23, 93, 24, 3277, 299, 1),
(2346, 23, 94, 7, 3260, 282, 1),
(2347, 23, 95, 56, 3211, 238, 1),
(2348, 23, 96, 38, 3291, 314, 1),
(2349, 23, 97, 12, 3256, 280, 1),
(2350, 23, 98, 27, 3246, 271, 1),
(2351, 23, 99, 10, 3254, 277, 1),
(2352, 23, 100, 43, 3296, 318, 1),
(2353, 23, 101, 54, 3306, 328, 1),
(2354, 23, 102, 58, 3220, 248, 1),
(2355, 23, 103, 59, 3196, 220, 1),
(2356, 23, 104, 176, 3090, 134, 3),
(2357, 23, 105, 17, 3265, 288, 1),
(2358, 23, 106, 42, 3213, 236, 1),
(2359, 23, 107, 32, 3285, 307, 1),
(2360, 23, 108, 84, 3177, 205, 1),
(2361, 23, 109, 65, 3193, 218, 1),
(2362, 23, 110, 44, 3297, 319, 1),
(2363, 23, 111, 26, 3278, 300, 1),
(2364, 23, 112, 78, 3178, 202, 1),
(2365, 23, 113, 45, 3208, 231, 1),
(2366, 23, 114, 13, 3266, 288, 1),
(2367, 23, 115, 24, 3272, 296, 1),
(2368, 23, 116, 149, 3118, 158, 1),
(2369, 23, 117, 602, 2669, 343, 3),
(2370, 24, 11, 14, 7106, 411, 1),
(2371, 24, 12, 75, 7042, 347, 1),
(2372, 24, 16, 27, 7142, 446, 1),
(2373, 24, 18, 27, 7142, 447, 1),
(2374, 24, 19, 46, 7071, 376, 1),
(2375, 24, 20, 18, 7132, 436, 1),
(2376, 24, 21, 18, 7101, 405, 1),
(2377, 24, 22, 23, 7139, 444, 1),
(2378, 24, 23, 13, 7126, 431, 1),
(2379, 24, 24, 1, 7116, 421, 1),
(2380, 24, 25, 267, 6850, 155, 3),
(2381, 24, 26, 353, 6765, 69, 3),
(2382, 24, 27, 567, 6550, 146, 3),
(2383, 24, 28, 58, 7110, 415, 1),
(2384, 24, 29, 261, 6943, 294, 1),
(2385, 24, 30, 127, 7046, 358, 1),
(2386, 24, 31, 251, 6954, 302, 1),
(2387, 24, 32, 56, 7117, 422, 1),
(2388, 24, 33, 122, 7052, 364, 1),
(2389, 24, 34, 152, 6974, 290, 1),
(2390, 24, 35, 444, 6672, 46, 3),
(2391, 24, 36, 946, 6184, 528, 3),
(2392, 24, 37, 704, 6520, 379, 3),
(2393, 24, 38, 39, 7154, 458, 1),
(2394, 24, 39, 522, 6597, 100, 3),
(2395, 24, 40, 18, 7111, 415, 1),
(2396, 24, 41, 44, 7074, 378, 1),
(2397, 24, 42, 60, 7176, 480, 1),
(2398, 24, 43, 50, 7166, 470, 1),
(2399, 24, 44, 15, 7126, 431, 1),
(2400, 24, 45, 37, 7152, 457, 1),
(2401, 24, 46, 154, 6963, 268, 1),
(2402, 24, 47, 58, 7174, 478, 1),
(2403, 24, 48, 63, 7179, 483, 1),
(2404, 24, 49, 299, 6820, 125, 3),
(2405, 24, 50, 613, 6505, 191, 3),
(2406, 24, 51, 42, 7076, 381, 1),
(2407, 24, 52, 164, 6954, 259, 1),
(2408, 24, 53, 207, 6910, 215, 1),
(2409, 24, 54, 48, 7164, 468, 1),
(2410, 24, 55, 43, 7158, 463, 1),
(2411, 24, 56, 44, 7074, 379, 1),
(2412, 24, 57, 37, 7152, 457, 1),
(2413, 24, 58, 43, 7159, 463, 1),
(2414, 24, 59, 255, 6862, 167, 3),
(2415, 24, 60, 732, 6384, 312, 3),
(2416, 24, 61, 7117, 0, 6696, 2),
(2417, 24, 62, 376, 6740, 50, 3),
(2418, 24, 63, 59, 7059, 364, 1),
(2419, 24, 64, 120, 6999, 304, 1),
(2420, 24, 65, 152, 6965, 270, 1),
(2421, 24, 66, 46, 7161, 465, 1),
(2422, 24, 67, 1668, 5448, 1248, 3),
(2423, 24, 68, 25, 7139, 443, 1),
(2424, 24, 69, 130, 6987, 292, 1),
(2425, 24, 70, 12, 7123, 428, 1),
(2426, 24, 71, 17, 7120, 427, 1),
(2427, 24, 72, 32, 7146, 452, 1),
(2428, 24, 73, 51, 7167, 472, 1),
(2429, 24, 74, 119, 7024, 343, 1),
(2430, 24, 75, 6, 7121, 426, 1),
(2431, 24, 76, 47, 7073, 379, 1),
(2432, 24, 77, 30, 7146, 451, 1),
(2433, 24, 78, 12, 7105, 411, 1),
(2434, 24, 79, 15, 7106, 412, 1),
(2435, 24, 80, 26, 7137, 443, 1),
(2436, 24, 81, 59, 7176, 480, 1),
(2437, 24, 82, 56, 7172, 477, 1),
(2438, 24, 83, 111, 7006, 313, 1),
(2439, 24, 84, 26, 7106, 414, 1),
(2440, 24, 85, 34, 7101, 410, 1),
(2441, 24, 86, 9, 7126, 431, 1),
(2442, 24, 87, 520, 6666, 281, 3),
(2443, 24, 88, 118, 7008, 321, 1),
(2444, 24, 89, 22, 7123, 430, 1),
(2445, 24, 90, 28, 7143, 449, 1),
(2446, 24, 91, 42, 7159, 464, 1),
(2447, 24, 92, 46, 7094, 403, 1),
(2448, 24, 93, 37, 7153, 458, 1),
(2449, 24, 94, 20, 7136, 441, 1),
(2450, 24, 95, 47, 7087, 396, 1),
(2451, 24, 96, 52, 7168, 473, 1),
(2452, 24, 97, 20, 7133, 439, 1),
(2453, 24, 98, 26, 7122, 430, 1),
(2454, 24, 99, 17, 7131, 437, 1),
(2455, 24, 100, 56, 7172, 477, 1),
(2456, 24, 101, 67, 7183, 487, 1),
(2457, 24, 102, 51, 7095, 406, 1),
(2458, 24, 103, 47, 7072, 379, 1),
(2459, 24, 104, 163, 6965, 283, 1),
(2460, 24, 105, 28, 7141, 447, 1),
(2461, 24, 106, 29, 7089, 395, 1),
(2462, 24, 107, 45, 7162, 466, 1),
(2463, 24, 108, 72, 7053, 363, 1),
(2464, 24, 109, 52, 7069, 377, 1),
(2465, 24, 110, 57, 7174, 478, 1),
(2466, 24, 111, 39, 7154, 459, 1),
(2467, 24, 112, 66, 7054, 361, 1),
(2468, 24, 113, 32, 7085, 390, 1),
(2469, 24, 114, 26, 7143, 447, 1),
(2470, 24, 115, 35, 7148, 455, 1),
(2471, 24, 116, 137, 6994, 310, 1),
(2472, 24, 117, 589, 6541, 216, 3),
(2473, 25, 11, 9, 7106, 567, 1),
(2474, 25, 12, 58, 7042, 503, 1),
(2475, 25, 16, 42, 7142, 603, 1),
(2476, 25, 18, 43, 7142, 603, 1),
(2477, 25, 19, 29, 7071, 532, 1),
(2478, 25, 20, 32, 7132, 593, 1),
(2479, 25, 21, 4, 7101, 562, 1),
(2480, 25, 22, 39, 7139, 600, 1),
(2481, 25, 23, 27, 7126, 587, 1),
(2482, 25, 24, 17, 7116, 578, 1),
(2483, 25, 25, 250, 6850, 311, 1),
(2484, 25, 26, 336, 6765, 225, 3),
(2485, 25, 27, 550, 6550, 18, 3),
(2486, 25, 28, 55, 7110, 572, 1),
(2487, 25, 29, 247, 6943, 435, 1),
(2488, 25, 30, 115, 7046, 512, 1),
(2489, 25, 31, 237, 6954, 445, 1),
(2490, 25, 32, 54, 7117, 578, 1),
(2491, 25, 33, 111, 7052, 519, 1),
(2492, 25, 34, 139, 6974, 442, 1),
(2493, 25, 35, 428, 6672, 138, 3),
(2494, 25, 36, 930, 6184, 380, 3),
(2495, 25, 37, 688, 6520, 337, 3),
(2496, 25, 38, 54, 7154, 615, 1),
(2497, 25, 39, 505, 6597, 61, 3),
(2498, 25, 40, 17, 7111, 571, 1),
(2499, 25, 41, 27, 7074, 535, 1),
(2500, 25, 42, 76, 7176, 637, 1),
(2501, 25, 43, 66, 7166, 627, 1),
(2502, 25, 44, 27, 7126, 587, 1),
(2503, 25, 45, 53, 7152, 613, 1),
(2504, 25, 46, 137, 6963, 424, 1),
(2505, 25, 47, 74, 7174, 634, 1),
(2506, 25, 48, 79, 7179, 639, 1),
(2507, 25, 49, 282, 6820, 282, 3),
(2508, 25, 50, 596, 6505, 39, 3),
(2509, 25, 51, 25, 7076, 537, 1),
(2510, 25, 52, 147, 6954, 415, 1),
(2511, 25, 53, 190, 6910, 371, 1),
(2512, 25, 54, 64, 7164, 625, 1),
(2513, 25, 55, 58, 7158, 619, 1),
(2514, 25, 56, 27, 7074, 535, 1),
(2515, 25, 57, 53, 7152, 613, 1),
(2516, 25, 58, 59, 7159, 620, 1),
(2517, 25, 59, 238, 6862, 323, 1),
(2518, 25, 60, 716, 6384, 155, 3),
(2519, 25, 61, 7100, 0, 6539, 2),
(2520, 25, 62, 360, 6740, 202, 3),
(2521, 25, 63, 42, 7059, 520, 1),
(2522, 25, 64, 103, 6999, 460, 1),
(2523, 25, 65, 135, 6965, 426, 1),
(2524, 25, 66, 61, 7161, 622, 1),
(2525, 25, 67, 1652, 5448, 1091, 3),
(2526, 25, 68, 40, 7139, 600, 1),
(2527, 25, 69, 113, 6987, 448, 1),
(2528, 25, 70, 24, 7123, 584, 1),
(2529, 25, 71, 29, 7120, 582, 1),
(2530, 25, 72, 49, 7146, 607, 1),
(2531, 25, 73, 67, 7167, 628, 1),
(2532, 25, 74, 109, 7024, 493, 1),
(2533, 25, 75, 22, 7121, 582, 1),
(2534, 25, 76, 33, 7073, 535, 1),
(2535, 25, 77, 47, 7146, 607, 1),
(2536, 25, 78, 10, 7105, 567, 1),
(2537, 25, 79, 16, 7106, 568, 1),
(2538, 25, 80, 42, 7137, 599, 1),
(2539, 25, 81, 76, 7176, 637, 1),
(2540, 25, 82, 72, 7172, 633, 1),
(2541, 25, 83, 95, 7006, 468, 1),
(2542, 25, 84, 28, 7106, 569, 1),
(2543, 25, 85, 34, 7101, 564, 1),
(2544, 25, 86, 26, 7126, 587, 1),
(2545, 25, 87, 507, 6666, 300, 3),
(2546, 25, 88, 104, 7008, 474, 1),
(2547, 25, 89, 34, 7123, 585, 1),
(2548, 25, 90, 45, 7143, 605, 1),
(2549, 25, 91, 59, 7159, 620, 1),
(2550, 25, 92, 44, 7094, 558, 1),
(2551, 25, 93, 54, 7153, 614, 1),
(2552, 25, 94, 37, 7136, 597, 1),
(2553, 25, 95, 42, 7087, 551, 1),
(2554, 25, 96, 68, 7168, 629, 1),
(2555, 25, 97, 36, 7133, 594, 1),
(2556, 25, 98, 37, 7122, 585, 1),
(2557, 25, 99, 34, 7131, 592, 1),
(2558, 25, 100, 72, 7172, 633, 1),
(2559, 25, 101, 83, 7183, 644, 1),
(2560, 25, 102, 51, 7095, 560, 1),
(2561, 25, 103, 33, 7072, 534, 1),
(2562, 25, 104, 150, 6965, 434, 1),
(2563, 25, 105, 44, 7141, 603, 1),
(2564, 25, 106, 17, 7089, 551, 1),
(2565, 25, 107, 62, 7162, 623, 1),
(2566, 25, 108, 61, 7053, 517, 1),
(2567, 25, 109, 41, 7069, 532, 1),
(2568, 25, 110, 74, 7174, 635, 1),
(2569, 25, 111, 55, 7154, 615, 1),
(2570, 25, 112, 52, 7054, 516, 1),
(2571, 25, 113, 18, 7085, 546, 1),
(2572, 25, 114, 43, 7143, 604, 1),
(2573, 25, 115, 52, 7148, 610, 1),
(2574, 25, 116, 124, 6994, 461, 1),
(2575, 25, 117, 574, 6541, 145, 3),
(2576, 26, 11, 13, 7106, 616, 1),
(2577, 26, 12, 53, 7042, 552, 1),
(2578, 26, 16, 48, 7142, 651, 1),
(2579, 26, 18, 48, 7142, 652, 1),
(2580, 26, 19, 24, 7071, 581, 1),
(2581, 26, 20, 38, 7132, 641, 1),
(2582, 26, 21, 8, 7101, 610, 1),
(2583, 26, 22, 45, 7139, 649, 1),
(2584, 26, 23, 32, 7126, 636, 1),
(2585, 26, 24, 22, 7116, 626, 1),
(2586, 26, 25, 245, 6850, 360, 1),
(2587, 26, 26, 331, 6765, 274, 3),
(2588, 26, 27, 545, 6550, 62, 3),
(2589, 26, 28, 56, 7110, 620, 1),
(2590, 26, 29, 243, 6943, 480, 1),
(2591, 26, 30, 112, 7046, 560, 1),
(2592, 26, 31, 234, 6954, 490, 1),
(2593, 26, 32, 56, 7117, 627, 1),
(2594, 26, 33, 109, 7052, 567, 1),
(2595, 26, 34, 134, 6974, 490, 1),
(2596, 26, 35, 422, 6672, 185, 3),
(2597, 26, 36, 924, 6184, 334, 3),
(2598, 26, 37, 683, 6520, 335, 3),
(2599, 26, 38, 60, 7154, 663, 1),
(2600, 26, 39, 499, 6597, 108, 3),
(2601, 26, 40, 20, 7111, 620, 1),
(2602, 26, 41, 22, 7074, 583, 1),
(2603, 26, 42, 81, 7176, 685, 1),
(2604, 26, 43, 71, 7166, 675, 1),
(2605, 26, 44, 32, 7126, 636, 1),
(2606, 26, 45, 58, 7152, 662, 1),
(2607, 26, 46, 131, 6963, 473, 1),
(2608, 26, 47, 79, 7174, 683, 1),
(2609, 26, 48, 84, 7179, 688, 1),
(2610, 26, 49, 277, 6820, 330, 1),
(2611, 26, 50, 591, 6505, 22, 3),
(2612, 26, 51, 19, 7076, 586, 1),
(2613, 26, 52, 142, 6954, 464, 1),
(2614, 26, 53, 185, 6910, 419, 1),
(2615, 26, 54, 70, 7164, 673, 1),
(2616, 26, 55, 64, 7158, 668, 1),
(2617, 26, 56, 21, 7074, 584, 1),
(2618, 26, 57, 58, 7152, 662, 1),
(2619, 26, 58, 64, 7159, 668, 1),
(2620, 26, 59, 233, 6862, 372, 1),
(2621, 26, 60, 710, 6384, 107, 3),
(2622, 26, 61, 7094, 0, 6491, 2),
(2623, 26, 62, 354, 6740, 250, 3),
(2624, 26, 63, 36, 7059, 569, 1),
(2625, 26, 64, 98, 6999, 509, 1),
(2626, 26, 65, 130, 6965, 475, 1),
(2627, 26, 66, 67, 7161, 670, 1),
(2628, 26, 67, 1646, 5448, 1043, 3),
(2629, 26, 68, 45, 7139, 649, 1),
(2630, 26, 69, 108, 6987, 497, 1),
(2631, 26, 70, 29, 7123, 633, 1),
(2632, 26, 71, 33, 7120, 631, 1),
(2633, 26, 72, 54, 7146, 656, 1),
(2634, 26, 73, 73, 7167, 677, 1),
(2635, 26, 74, 106, 7024, 542, 1),
(2636, 26, 75, 28, 7121, 631, 1),
(2637, 26, 76, 29, 7073, 583, 1),
(2638, 26, 77, 52, 7146, 656, 1),
(2639, 26, 78, 14, 7105, 615, 1),
(2640, 26, 79, 19, 7106, 616, 1),
(2641, 26, 80, 47, 7137, 648, 1),
(2642, 26, 81, 81, 7176, 685, 1),
(2643, 26, 82, 78, 7172, 682, 1),
(2644, 26, 83, 90, 7006, 517, 1),
(2645, 26, 84, 30, 7106, 617, 1),
(2646, 26, 85, 35, 7101, 613, 1),
(2647, 26, 86, 31, 7126, 636, 1),
(2648, 26, 87, 502, 6666, 324, 3),
(2649, 26, 88, 100, 7008, 522, 1),
(2650, 26, 89, 38, 7123, 634, 1),
(2651, 26, 90, 50, 7143, 654, 1),
(2652, 26, 91, 65, 7159, 669, 1),
(2653, 26, 92, 43, 7094, 606, 1),
(2654, 26, 93, 59, 7153, 663, 1),
(2655, 26, 94, 42, 7136, 646, 1),
(2656, 26, 95, 41, 7087, 600, 1),
(2657, 26, 96, 74, 7168, 678, 1),
(2658, 26, 97, 41, 7133, 643, 1),
(2659, 26, 98, 41, 7122, 634, 1),
(2660, 26, 99, 39, 7131, 641, 1),
(2661, 26, 100, 78, 7172, 682, 1),
(2662, 26, 101, 88, 7183, 692, 1),
(2663, 26, 102, 51, 7095, 609, 1),
(2664, 26, 103, 29, 7072, 583, 1),
(2665, 26, 104, 145, 6965, 482, 1),
(2666, 26, 105, 49, 7141, 652, 1),
(2667, 26, 106, 14, 7089, 599, 1),
(2668, 26, 107, 67, 7162, 671, 1),
(2669, 26, 108, 57, 7053, 566, 1),
(2670, 26, 109, 37, 7069, 581, 1),
(2671, 26, 110, 79, 7174, 683, 1),
(2672, 26, 111, 60, 7154, 664, 1),
(2673, 26, 112, 47, 7054, 565, 1),
(2674, 26, 113, 14, 7085, 595, 1),
(2675, 26, 114, 48, 7143, 652, 1),
(2676, 26, 115, 57, 7148, 659, 1),
(2677, 26, 116, 119, 6994, 510, 1),
(2678, 26, 117, 569, 6541, 155, 3),
(2679, 27, 11, 16, 7106, 643, 1),
(2680, 27, 12, 50, 7042, 579, 1),
(2681, 27, 16, 51, 7142, 679, 1),
(2682, 27, 18, 51, 7142, 680, 1),
(2683, 27, 19, 21, 7071, 608, 1),
(2684, 27, 20, 41, 7132, 669, 1),
(2685, 27, 21, 10, 7101, 638, 1),
(2686, 27, 22, 48, 7139, 676, 1),
(2687, 27, 23, 35, 7126, 663, 1),
(2688, 27, 24, 25, 7116, 654, 1),
(2689, 27, 25, 241, 6850, 387, 1),
(2690, 27, 26, 327, 6765, 302, 3),
(2691, 27, 27, 542, 6550, 88, 3),
(2692, 27, 28, 57, 7110, 648, 1),
(2693, 27, 29, 241, 6943, 506, 1),
(2694, 27, 30, 110, 7046, 588, 1),
(2695, 27, 31, 232, 6954, 516, 1),
(2696, 27, 32, 57, 7117, 654, 1),
(2697, 27, 33, 107, 7052, 594, 1),
(2698, 27, 34, 131, 6974, 517, 1),
(2699, 27, 35, 419, 6672, 212, 3),
(2700, 27, 36, 921, 6184, 309, 3),
(2701, 27, 37, 680, 6520, 339, 3),
(2702, 27, 38, 63, 7154, 691, 1),
(2703, 27, 39, 496, 6597, 135, 3),
(2704, 27, 40, 23, 7111, 648, 1),
(2705, 27, 41, 19, 7074, 611, 1),
(2706, 27, 42, 84, 7176, 713, 1),
(2707, 27, 43, 74, 7166, 703, 1),
(2708, 27, 44, 35, 7126, 663, 1),
(2709, 27, 45, 61, 7152, 689, 1),
(2710, 27, 46, 128, 6963, 501, 1),
(2711, 27, 47, 82, 7174, 711, 1),
(2712, 27, 48, 87, 7179, 716, 1),
(2713, 27, 49, 273, 6820, 358, 1),
(2714, 27, 50, 588, 6505, 46, 3),
(2715, 27, 51, 16, 7076, 613, 1),
(2716, 27, 52, 138, 6954, 491, 1),
(2717, 27, 53, 182, 6910, 447, 1),
(2718, 27, 54, 72, 7164, 701, 1),
(2719, 27, 55, 67, 7158, 695, 1),
(2720, 27, 56, 18, 7074, 611, 1),
(2721, 27, 57, 61, 7152, 689, 1),
(2722, 27, 58, 67, 7159, 696, 1),
(2723, 27, 59, 230, 6862, 399, 1),
(2724, 27, 60, 707, 6384, 80, 3),
(2725, 27, 61, 7091, 0, 6463, 2),
(2726, 27, 62, 351, 6740, 278, 3),
(2727, 27, 63, 33, 7059, 596, 1),
(2728, 27, 64, 95, 6999, 536, 1),
(2729, 27, 65, 127, 6965, 502, 1),
(2730, 27, 66, 70, 7161, 698, 1),
(2731, 27, 67, 1643, 5448, 1015, 3),
(2732, 27, 68, 48, 7139, 676, 1),
(2733, 27, 69, 105, 6987, 524, 1),
(2734, 27, 70, 32, 7123, 660, 1),
(2735, 27, 71, 35, 7120, 658, 1),
(2736, 27, 72, 57, 7146, 683, 1),
(2737, 27, 73, 76, 7167, 705, 1),
(2738, 27, 74, 104, 7024, 568, 1),
(2739, 27, 75, 31, 7121, 658, 1),
(2740, 27, 76, 27, 7073, 611, 1),
(2741, 27, 77, 55, 7146, 684, 1),
(2742, 27, 78, 16, 7105, 643, 1),
(2743, 27, 79, 21, 7106, 644, 1),
(2744, 27, 80, 50, 7137, 675, 1),
(2745, 27, 81, 84, 7176, 713, 1),
(2746, 27, 82, 81, 7172, 709, 1),
(2747, 27, 83, 87, 7006, 544, 1),
(2748, 27, 84, 32, 7106, 645, 1),
(2749, 27, 85, 36, 7101, 640, 1),
(2750, 27, 86, 34, 7126, 663, 1),
(2751, 27, 87, 500, 6666, 338, 3),
(2752, 27, 88, 97, 7008, 549, 1),
(2753, 27, 89, 40, 7123, 661, 1),
(2754, 27, 90, 53, 7143, 681, 1),
(2755, 27, 91, 68, 7159, 696, 1),
(2756, 27, 92, 44, 7094, 634, 1),
(2757, 27, 93, 62, 7153, 691, 1),
(2758, 27, 94, 45, 7136, 674, 1),
(2759, 27, 95, 41, 7087, 627, 1),
(2760, 27, 96, 77, 7168, 705, 1),
(2761, 27, 97, 44, 7133, 671, 1),
(2762, 27, 98, 43, 7122, 661, 1),
(2763, 27, 99, 42, 7131, 668, 1),
(2764, 27, 100, 81, 7172, 710, 1),
(2765, 27, 101, 91, 7183, 720, 1),
(2766, 27, 102, 51, 7095, 636, 1),
(2767, 27, 103, 27, 7072, 610, 1),
(2768, 27, 104, 142, 6965, 509, 1),
(2769, 27, 105, 53, 7141, 679, 1),
(2770, 27, 106, 13, 7089, 627, 1),
(2771, 27, 107, 70, 7162, 699, 1),
(2772, 27, 108, 55, 7053, 593, 1),
(2773, 27, 109, 35, 7069, 608, 1),
(2774, 27, 110, 82, 7174, 711, 1),
(2775, 27, 111, 63, 7154, 692, 1),
(2776, 27, 112, 44, 7054, 592, 1),
(2777, 27, 113, 12, 7085, 622, 1),
(2778, 27, 114, 51, 7143, 680, 1),
(2779, 27, 115, 60, 7148, 686, 1),
(2780, 27, 116, 117, 6994, 537, 1),
(2781, 27, 117, 566, 6541, 164, 3);

-- --------------------------------------------------------

--
-- Table structure for table `cluster_4`
--

CREATE TABLE `cluster_4` (
  `id_cluster` int(11) NOT NULL,
  `id_iterasi` int(11) NOT NULL,
  `id_covid` int(11) NOT NULL,
  `C1` int(11) NOT NULL,
  `C2` int(11) NOT NULL,
  `C3` int(11) NOT NULL,
  `C4` int(11) NOT NULL,
  `Hasil` int(11) NOT NULL
) ENGINE=InnoDB DEFAULT CHARSET=latin1;

-- --------------------------------------------------------

--
-- Table structure for table `cluster_5`
--

CREATE TABLE `cluster_5` (
  `id_cluster` int(11) NOT NULL,
  `id_iterasi` int(11) NOT NULL,
  `id_covid` int(11) NOT NULL,
  `C1` int(11) NOT NULL,
  `C2` int(11) NOT NULL,
  `C3` int(11) NOT NULL,
  `C4` int(11) NOT NULL,
  `C5` int(11) NOT NULL,
  `Hasil` int(11) NOT NULL
) ENGINE=InnoDB DEFAULT CHARSET=latin1;

-- --------------------------------------------------------

--
-- Table structure for table `covid`
--

CREATE TABLE `covid` (
  `id_covid` int(11) NOT NULL,
  `id_marker` int(11) NOT NULL,
  `positif` varchar(100) NOT NULL,
  `sembuh` varchar(100) NOT NULL,
  `meninggal` varchar(100) NOT NULL
) ENGINE=InnoDB DEFAULT CHARSET=utf8mb4;

--
-- Dumping data for table `covid`
--

INSERT INTO `covid` (`id_covid`, `id_marker`, `positif`, `sembuh`, `meninggal`) VALUES
(11, 1, '55', '53', '2'),
(12, 2, '99', '100', '5'),
(16, 3, '30', '28', '0'),
(18, 4, '28', '29', '0'),
(19, 6, '80', '78', '4'),
(20, 8, '37', '35', '1'),
(21, 9, '58', '58', '1'),
(22, 10, '28', '34', '0'),
(23, 11, '40', '40', '1'),
(24, 12, '42', '52', '1'),
(25, 22, '243', '227', '6'),
(26, 23, '310', '281', '8'),
(27, 24, '459', '435', '22'),
(28, 13, '86', '16', '9'),
(29, 14, '301', '39', '21'),
(30, 15, '165', '28', '10'),
(31, 19, '291', '33', '11'),
(32, 20, '80', '13', '4'),
(33, 21, '160', '24', '9'),
(34, 25, '105', '191', '3'),
(35, 26, '351', '371', '0'),
(36, 27, '816', '596', '12'),
(37, 28, '725', '220', '7'),
(38, 29, '22', '19', '0'),
(39, 30, '443', '385', '11'),
(40, 31, '57', '45', '1'),
(41, 32, '79', '75', '1'),
(42, 33, '5', '5', '0'),
(43, 34, '12', '12', '0'),
(44, 35, '42', '38', '1'),
(45, 36, '23', '20', '1'),
(46, 37, '159', '151', '6'),
(47, 38, '9', '4', '0'),
(48, 39, '3', '3', '0'),
(49, 40, '281', '231', '0'),
(50, 41, '506', '452', '1'),
(51, 42, '77', '74', '1'),
(52, 43, '173', '150', '0'),
(53, 44, '196', '190', '5'),
(54, 45, '15', '12', '0'),
(55, 46, '18', '17', '1'),
(56, 47, '78', '76', '2'),
(57, 48, '23', '20', '3'),
(58, 49, '18', '16', '1'),
(59, 50, '229', '225', '4'),
(60, 51, '572', '557', '9'),
(61, 52, '5129', '5028', '68'),
(62, 53, '314', '312', '2'),
(63, 54, '90', '85', '1'),
(64, 55, '144', '115', '6'),
(65, 56, '156', '152', '1'),
(66, 57, '17', '14', '1'),
(67, 58, '1237', '1216', '8'),
(68, 59, '33', '29', '1'),
(69, 60, '140', '137', '3'),
(70, 61, '43', '41', '2'),
(71, 62, '27', '62', '2'),
(72, 63, '11', '42', '0'),
(73, 64, '5', '17', '0'),
(74, 65, '56', '171', '4'),
(75, 66, '35', '53', '3'),
(76, 68, '62', '94', '6'),
(77, 69, '18', '34', '0'),
(78, 70, '46', '64', '3'),
(79, 71, '41', '68', '2'),
(80, 72, '15', '50', '2'),
(81, 73, '3', '7', '1'),
(82, 74, '3', '12', '1'),
(83, 75, '110', '140', '2'),
(84, 76, '32', '77', '1'),
(85, 77, '31', '85', '3'),
(86, 78, '35', '46', '0'),
(87, 79, '191', '550', '15'),
(88, 80, '87', '161', '6'),
(89, 81, '22', '63', '1'),
(90, 82, '16', '40', '1'),
(91, 83, '9', '25', '1'),
(92, 84, '30', '97', '3'),
(93, 85, '13', '29', '1'),
(94, 86, '26', '40', '0'),
(95, 87, '37', '99', '1'),
(96, 88, '6', '15', '0'),
(97, 89, '22', '49', '6'),
(98, 90, '19', '67', '1'),
(99, 91, '24', '50', '0'),
(100, 92, '3', '12', '0'),
(101, 93, '0', '0', '0'),
(102, 94, '24', '101', '0'),
(103, 95, '63', '94', '2'),
(104, 96, '107', '202', '7'),
(105, 97, '15', '44', '0'),
(106, 98, '55', '78', '1'),
(107, 99, '13', '17', '1'),
(108, 100, '62', '122', '1'),
(109, 101, '59', '102', '1'),
(110, 102, '4', '9', '1'),
(111, 103, '20', '20', '3'),
(112, 104, '73', '110', '3'),
(113, 105, '60', '79', '2'),
(114, 106, '25', '32', '0'),
(115, 107, '8', '41', '0'),
(116, 108, '88', '181', '4'),
(117, 109, '368', '543', '15');

-- --------------------------------------------------------

--
-- Table structure for table `iterasi`
--

CREATE TABLE `iterasi` (
  `id_iterasi` int(11) NOT NULL,
  `iterasi` int(11) NOT NULL,
  `id_jumlah_cluster` int(11) NOT NULL
) ENGINE=InnoDB DEFAULT CHARSET=latin1;

--
-- Dumping data for table `iterasi`
--

INSERT INTO `iterasi` (`id_iterasi`, `iterasi`, `id_jumlah_cluster`) VALUES
(19, 1, 1),
(20, 2, 1),
(21, 3, 1),
(22, 4, 1),
(23, 5, 1),
(24, 6, 1),
(25, 7, 1),
(26, 8, 1),
(27, 9, 1);

-- --------------------------------------------------------

--
-- Table structure for table `marker`
--

CREATE TABLE `marker` (
  `id_marker` int(11) NOT NULL,
  `kecamatan` varchar(100) NOT NULL,
  `latitude` varchar(100) NOT NULL,
  `longitude` varchar(100) NOT NULL
) ENGINE=InnoDB DEFAULT CHARSET=utf8mb4;

--
-- Dumping data for table `marker`
--

INSERT INTO `marker` (`id_marker`, `kecamatan`, `latitude`, `longitude`) VALUES
(1, 'Samarinda Utara', '-0.4401314144865473', '117.19442479731482'),
(2, 'Samarinda Ulu', '-0.4840279409668509', '117.12759003811806'),
(3, 'Samarinda Kota', '-0.49605329132571574', '117.15701868520085'),
(4, 'Samarinda Seberang', '-0.5098368018743032', '117.1383200819702'),
(6, 'Sungai Kunjang', '-0.514530673577901', '117.09214596847868'),
(8, 'Loa Janan Ilir', '-0.5756092166366052', '117.11370998384594'),
(9, 'Sungai Pinang', '-0.4599852023029347', '117.18044865709692'),
(10, 'Samarinda Ilir', '-0.4938509015103137', '117.16179631175945'),
(11, 'Sambutan', '-0.5064353224931246', '117.16947793973807'),
(12, 'Palaran', '-0.5794241601232462', '117.19118719641823'),
(13, 'Balikpapan Barat', '-1.2339637775325911', '116.82044755409183'),
(14, 'Balikpapan Selatan', '-1.2433138676589506', '116.89793091176273'),
(15, 'Balikpapan Timur', '-1.2240262449667578', '116.96439648107965'),
(19, 'Balikpapan Utara', '-1.2048490478454807', '116.86196086661397'),
(20, 'Balikpapan Kota', '-1.2711558321847887', '116.82471565353931'),
(21, 'Balikpapan Tengah', '-1.2697828787923606', '116.8274622355606'),
(22, 'Bontang Barat', '0.13237526082826304', '117.45950623882821'),
(23, 'Bontang Selatan', '0.12200354565839028', '117.48901922533638'),
(24, 'Bontang Utara', '0.13826811675887504', '117.4945239541722'),
(25, 'Long Apari', '0.7942440365617884', '114.27150009617856'),
(26, 'Long Pahangai', '0.9122609316495143', '114.69995164117725'),
(27, 'Longan Bagun', '0.5527614039184655', '115.208329419354'),
(28, 'Long Hubung', '0.2742719261383908', '115.43115959904465'),
(29, 'Laham', '0.3632471049441115', '115.39931470364455'),
(30, 'Tanah Grogot', '-1.902690884001991', '116.18927188301751'),
(31, 'Paser Belengkong', '-1.9621587407468613', '116.20993579650968'),
(32, 'Kuaro', '-1.814870821004006', '116.08446035713018'),
(33, 'Muara Samu', '-2.017319632288188', '115.93329485418218'),
(34, 'Muara Komam', '-1.6774669291034965', '115.81254116767222'),
(35, 'Long Ikis', '-1.5821243761277581', '116.19994313883566'),
(36, 'Long Kali', '-1.5273685938360022', '116.29974891504808'),
(37, 'Batu Sopang', '-1.8301173416656469', '115.92379685418102'),
(38, 'Batu Engau', '-2.2286097118827635', '116.0758854965113'),
(39, 'Tanjung Harapan', '-2.147162975960296', '116.43175203790479'),
(40, 'Sepaku', '-0.9095555133554722', '116.82361315835288'),
(41, 'Penajam', '-1.290220406038466', '116.73210474694568'),
(42, 'Waru', '-1.3895266880198265', '116.61945991717621'),
(43, 'Babulu', '-1.488715892787263', '116.46546441787976'),
(44, 'Muara Wahau', '1.2038093982838143', '116.83889209155889'),
(45, 'Busang', '1.0327405064697024', '116.32531107211867'),
(46, 'Long Mesangat', '0.5796451881252654', '116.72108169101563'),
(47, 'Muara Ancalong', '0.4253887372443122', '116.68360421920752'),
(48, 'Muara Bengkal', '0.43929291262114434', '116.71785066378557'),
(49, 'Batu Ampar', '-1.2145694380994503', '116.84107035358709'),
(50, 'Teluk Pandan', '0.23211235974069913', '117.47120519952233'),
(51, 'Sangatta Selatan', '0.43889252522639954', '117.31411709945523'),
(52, 'Sangatta Utara', '0.49661641240871973', '117.53594878115497'),
(53, 'Kaliorang', '0.8749032752225258', '117.86689572533396'),
(54, 'Sandaran', '0.8320107764500699', '118.49780689649803'),
(55, 'Sangkulirang', '0.9877533444637893', '117.97582253882568'),
(56, 'Kaubun', '1.0825197684309626', '117.85439696766143'),
(57, 'Karangan', '1.2804736490561723', '117.64348350304844'),
(58, 'Bengalon', '0.7490063669774931', '117.58450976766223'),
(59, 'Rantau Pulung', '0.6226917405659157', '117.28784899649872'),
(60, 'Kombeng', '1.1993978920864008', '116.94927249599384'),
(61, 'Telen', '0.893355481950804', '116.8650693866688'),
(62, 'Anggana', '-0.5727293142336294', '117.26711574487426'),
(63, 'Kembang Janggut', '0.1610942165072555', '116.36465858584266'),
(64, 'Kenohan', '0.00982478534645814', '116.36908060547353'),
(65, 'Kota Bangun', '-0.2652872977067106', '116.59135711184581'),
(66, 'Loa Janan', '-0.6020460008544236', '117.09330924381186'),
(68, 'Loa Kulu', '-0.5137336599326128', '117.02056855417469'),
(69, 'Marang Kayu', '-0.11262518294295192', '117.43051006766498'),
(70, 'Muara Badak', '-0.3326319412692436', '117.38532683882987'),
(71, 'Muara Jawa', '-0.8059654856035645', '117.23202560077794'),
(72, 'Muara Kaman', '-0.14679106787508422', '116.73168852533723'),
(73, 'Muara Muntai', '-0.33480848421243703', '116.39044761606797'),
(74, 'Muara Wis', '-0.3159428836532302', '116.48917666766586'),
(75, 'Samboja', '-1.0138419190676837', '117.08540863883276'),
(76, 'Sanga-Sanga', '-0.6639876496630625', '117.23012101184736'),
(77, 'Sebulu', '-0.2714989126396481', '117.0063368253377'),
(78, 'Tabang', '0.5750897407960037', '116.0223984900553'),
(79, 'Tenggarong', '-0.42470435300408904', '116.99206351105451'),
(80, 'Tenggarong Sebrang', '-0.38029907072249675', '117.11219693883017'),
(81, 'Mook Manor Bulant', '-0.16401852368434583', '115.88231479017655'),
(82, 'Tering', '-0.08432391168756719', '115.66210886766498'),
(83, 'Long Iram', '-0.006729706536321768', '115.631613454017'),
(84, 'Linggang Bigung', '-0.14162252382732363', '115.62347865417323'),
(85, 'Nyuatan', '-0.31646334885162336', '115.5154212572214'),
(86, 'Muara Lawa', '-0.4839932154854887', '115.77084957555768'),
(87, 'Damai', '-0.451847315612622', '115.70021268486266'),
(88, 'Bentian Besar', '-0.6901271490105148', '115.76828310991803'),
(89, 'Siluq Ngurai', '-0.5418551742569409', '115.90306743883065'),
(90, 'Bongan', '-0.7296604756291004', '116.2387480027848'),
(91, 'Jempang', '-0.48236277194694027', '116.14153861806948'),
(92, 'Muara Pahu', '-0.3266869125097945', '116.06061635417399'),
(93, 'Penyinggahan', '-0.3762986089829368', '116.22187225798018'),
(94, 'Melak', '-0.23687971212117853', '115.81310194023537'),
(95, 'Sekolaq Darat', '-0.2836666284887498', '115.74797602718988'),
(96, 'Barong Tongkok', '-0.23053729733776462', '115.69009769650158'),
(97, 'Batu Putih', '1.8132419332337675', '118.42616068465429'),
(98, 'Biatan', '1.6737003898960916', '118.01482583882412'),
(99, 'Biduk-Biduk', '1.249244213589271', '118.71306742864662'),
(100, 'Gunung Tabur', '2.1678065714846797', '117.48747109649541'),
(101, 'Kelay', '1.693980164394611', '117.08017395416815'),
(102, 'Maratua', '2.247274522155145', '118.56338223088773'),
(103, 'Derawan', '2.3261882248410672', '118.0924783723741'),
(104, 'Sambaliung', '2.166093867789449', '117.5001532253315'),
(105, 'Segah', '2.1868974455685093', '117.11691522347931'),
(106, 'Tabalar', '1.8097702843674868', '117.8703770716277'),
(107, 'Talisayan', '1.6083222247365767', '118.176147054017'),
(108, 'Teluk Bayur', '2.158421010677805', '117.42418715416751'),
(109, 'Tanjung Redeb', '2.1514030962737687', '117.47862449649551');

-- --------------------------------------------------------

--
-- Table structure for table `tb_jumlah_cluster`
--

CREATE TABLE `tb_jumlah_cluster` (
  `id` int(11) NOT NULL,
  `jumlah_cluster` int(11) NOT NULL
) ENGINE=InnoDB DEFAULT CHARSET=latin1;

--
-- Dumping data for table `tb_jumlah_cluster`
--

INSERT INTO `tb_jumlah_cluster` (`id`, `jumlah_cluster`) VALUES
(1, 3),
(2, 4),
(3, 5);

-- --------------------------------------------------------

--
-- Table structure for table `tb_user`
--

CREATE TABLE `tb_user` (
  `id` int(11) NOT NULL,
  `username` varchar(100) NOT NULL,
  `password` varchar(100) NOT NULL
) ENGINE=InnoDB DEFAULT CHARSET=utf8mb4;

--
-- Dumping data for table `tb_user`
--

INSERT INTO `tb_user` (`id`, `username`, `password`) VALUES
(1, 'admin', 'admin'),
(2, 'dila', '35862fcf105f1aaa0b4f29ca71b96236');

--
-- Indexes for dumped tables
--

--
-- Indexes for table `centroid`
--
ALTER TABLE `centroid`
  ADD PRIMARY KEY (`id_centroid`),
  ADD KEY `centroid_ibfk_1` (`id_iterasi`);

--
-- Indexes for table `centroid_awal`
--
ALTER TABLE `centroid_awal`
  ADD PRIMARY KEY (`id`),
  ADD KEY `id_jumlah_cluster` (`id_jumlah_cluster`),
  ADD KEY `id_covid` (`id_covid`);

--
-- Indexes for table `cluster_3`
--
ALTER TABLE `cluster_3`
  ADD PRIMARY KEY (`id_cluster`),
  ADD KEY `id_iterasi` (`id_iterasi`),
  ADD KEY `id_covid` (`id_covid`);

--
-- Indexes for table `cluster_4`
--
ALTER TABLE `cluster_4`
  ADD PRIMARY KEY (`id_cluster`),
  ADD KEY `id_iterasi` (`id_iterasi`),
  ADD KEY `cluster_4_ibfk_2` (`id_covid`);

--
-- Indexes for table `cluster_5`
--
ALTER TABLE `cluster_5`
  ADD PRIMARY KEY (`id_cluster`),
  ADD KEY `id_iterasi` (`id_iterasi`),
  ADD KEY `id_covid` (`id_covid`);

--
-- Indexes for table `covid`
--
ALTER TABLE `covid`
  ADD PRIMARY KEY (`id_covid`),
  ADD UNIQUE KEY `id_marker` (`id_marker`);

--
-- Indexes for table `iterasi`
--
ALTER TABLE `iterasi`
  ADD PRIMARY KEY (`id_iterasi`),
  ADD KEY `id_jumlah_cluster` (`id_jumlah_cluster`);

--
-- Indexes for table `marker`
--
ALTER TABLE `marker`
  ADD PRIMARY KEY (`id_marker`);

--
-- Indexes for table `tb_jumlah_cluster`
--
ALTER TABLE `tb_jumlah_cluster`
  ADD PRIMARY KEY (`id`);

--
-- Indexes for table `tb_user`
--
ALTER TABLE `tb_user`
  ADD PRIMARY KEY (`id`);

--
-- AUTO_INCREMENT for dumped tables
--

--
-- AUTO_INCREMENT for table `centroid`
--
ALTER TABLE `centroid`
  MODIFY `id_centroid` int(11) NOT NULL AUTO_INCREMENT, AUTO_INCREMENT=82;

--
-- AUTO_INCREMENT for table `centroid_awal`
--
ALTER TABLE `centroid_awal`
  MODIFY `id` int(11) NOT NULL AUTO_INCREMENT, AUTO_INCREMENT=15;

--
-- AUTO_INCREMENT for table `cluster_3`
--
ALTER TABLE `cluster_3`
  MODIFY `id_cluster` int(11) NOT NULL AUTO_INCREMENT, AUTO_INCREMENT=2782;

--
-- AUTO_INCREMENT for table `cluster_4`
--
ALTER TABLE `cluster_4`
  MODIFY `id_cluster` int(11) NOT NULL AUTO_INCREMENT;

--
-- AUTO_INCREMENT for table `cluster_5`
--
ALTER TABLE `cluster_5`
  MODIFY `id_cluster` int(11) NOT NULL AUTO_INCREMENT;

--
-- AUTO_INCREMENT for table `covid`
--
ALTER TABLE `covid`
  MODIFY `id_covid` int(11) NOT NULL AUTO_INCREMENT, AUTO_INCREMENT=118;

--
-- AUTO_INCREMENT for table `iterasi`
--
ALTER TABLE `iterasi`
  MODIFY `id_iterasi` int(11) NOT NULL AUTO_INCREMENT, AUTO_INCREMENT=28;

--
-- AUTO_INCREMENT for table `marker`
--
ALTER TABLE `marker`
  MODIFY `id_marker` int(11) NOT NULL AUTO_INCREMENT, AUTO_INCREMENT=110;

--
-- AUTO_INCREMENT for table `tb_jumlah_cluster`
--
ALTER TABLE `tb_jumlah_cluster`
  MODIFY `id` int(11) NOT NULL AUTO_INCREMENT, AUTO_INCREMENT=4;

--
-- AUTO_INCREMENT for table `tb_user`
--
ALTER TABLE `tb_user`
  MODIFY `id` int(11) NOT NULL AUTO_INCREMENT, AUTO_INCREMENT=3;

--
-- Constraints for dumped tables
--

--
-- Constraints for table `centroid`
--
ALTER TABLE `centroid`
  ADD CONSTRAINT `centroid_ibfk_1` FOREIGN KEY (`id_iterasi`) REFERENCES `iterasi` (`id_iterasi`) ON DELETE CASCADE ON UPDATE CASCADE;

--
-- Constraints for table `centroid_awal`
--
ALTER TABLE `centroid_awal`
  ADD CONSTRAINT `centroid_awal_ibfk_1` FOREIGN KEY (`id_jumlah_cluster`) REFERENCES `tb_jumlah_cluster` (`id`) ON DELETE CASCADE ON UPDATE CASCADE,
  ADD CONSTRAINT `centroid_awal_ibfk_2` FOREIGN KEY (`id_covid`) REFERENCES `covid` (`id_covid`) ON DELETE CASCADE ON UPDATE CASCADE;

--
-- Constraints for table `cluster_3`
--
ALTER TABLE `cluster_3`
  ADD CONSTRAINT `cluster_3_ibfk_1` FOREIGN KEY (`id_iterasi`) REFERENCES `iterasi` (`id_iterasi`) ON DELETE CASCADE ON UPDATE CASCADE,
  ADD CONSTRAINT `cluster_3_ibfk_2` FOREIGN KEY (`id_covid`) REFERENCES `covid` (`id_covid`) ON DELETE CASCADE ON UPDATE CASCADE;

--
-- Constraints for table `cluster_4`
--
ALTER TABLE `cluster_4`
  ADD CONSTRAINT `cluster_4_ibfk_1` FOREIGN KEY (`id_iterasi`) REFERENCES `iterasi` (`id_iterasi`) ON DELETE CASCADE ON UPDATE CASCADE,
  ADD CONSTRAINT `cluster_4_ibfk_2` FOREIGN KEY (`id_covid`) REFERENCES `covid` (`id_covid`);

--
-- Constraints for table `cluster_5`
--
ALTER TABLE `cluster_5`
  ADD CONSTRAINT `cluster_5_ibfk_1` FOREIGN KEY (`id_iterasi`) REFERENCES `iterasi` (`id_iterasi`) ON DELETE CASCADE ON UPDATE CASCADE,
  ADD CONSTRAINT `cluster_5_ibfk_2` FOREIGN KEY (`id_covid`) REFERENCES `covid` (`id_covid`) ON DELETE CASCADE ON UPDATE CASCADE;

--
-- Constraints for table `covid`
--
ALTER TABLE `covid`
  ADD CONSTRAINT `covid_ibfk_1` FOREIGN KEY (`id_marker`) REFERENCES `marker` (`id_marker`);

--
-- Constraints for table `iterasi`
--
ALTER TABLE `iterasi`
  ADD CONSTRAINT `iterasi_ibfk_1` FOREIGN KEY (`id_jumlah_cluster`) REFERENCES `tb_jumlah_cluster` (`id`) ON DELETE CASCADE ON UPDATE CASCADE;
COMMIT;

/*!40101 SET CHARACTER_SET_CLIENT=@OLD_CHARACTER_SET_CLIENT */;
/*!40101 SET CHARACTER_SET_RESULTS=@OLD_CHARACTER_SET_RESULTS */;
/*!40101 SET COLLATION_CONNECTION=@OLD_COLLATION_CONNECTION */;
