-- phpMyAdmin SQL Dump
-- version 5.0.3
-- https://www.phpmyadmin.net/
--
-- Host: 127.0.0.1
-- Waktu pembuatan: 27 Feb 2023 pada 14.38
-- Versi server: 10.4.14-MariaDB
-- Versi PHP: 7.2.34

SET SQL_MODE = "NO_AUTO_VALUE_ON_ZERO";
START TRANSACTION;
SET time_zone = "+00:00";


/*!40101 SET @OLD_CHARACTER_SET_CLIENT=@@CHARACTER_SET_CLIENT */;
/*!40101 SET @OLD_CHARACTER_SET_RESULTS=@@CHARACTER_SET_RESULTS */;
/*!40101 SET @OLD_COLLATION_CONNECTION=@@COLLATION_CONNECTION */;
/*!40101 SET NAMES utf8mb4 */;

--
-- Database: `skripsi`
--

-- --------------------------------------------------------

--
-- Struktur dari tabel `cluster`
--

CREATE TABLE `cluster` (
  `id_cluster` int(11) NOT NULL,
  `id_covid` int(11) NOT NULL
) ENGINE=InnoDB DEFAULT CHARSET=utf8mb4;

-- --------------------------------------------------------

--
-- Struktur dari tabel `covid`
--

CREATE TABLE `covid` (
  `id_covid` int(11) NOT NULL,
  `id_marker` int(11) NOT NULL,
  `positif` varchar(100) NOT NULL,
  `sembuh` varchar(100) NOT NULL,
  `meninggal` varchar(100) NOT NULL
) ENGINE=InnoDB DEFAULT CHARSET=utf8mb4;

--
-- Dumping data untuk tabel `covid`
--

INSERT INTO `covid` (`id_covid`, `id_marker`, `positif`, `sembuh`, `meninggal`) VALUES
(11, 1, '55', '53', '2'),
(12, 2, '99', '100', '5'),
(16, 3, '30', '28', '0'),
(18, 4, '28', '29', '0'),
(19, 6, '80', '78', '4'),
(20, 8, '37', '35', '1'),
(21, 9, '58', '58', '1'),
(22, 10, '28', '34', '0'),
(23, 11, '40', '40', '1'),
(24, 12, '42', '52', '1'),
(25, 22, '243', '227', '6'),
(26, 23, '310', '281', '8'),
(27, 24, '459', '435', '22'),
(28, 13, '86', '16', '9'),
(29, 14, '301', '39', '21'),
(30, 15, '165', '28', '10'),
(31, 19, '291', '33', '11'),
(32, 20, '80', '13', '4'),
(33, 21, '160', '24', '9'),
(34, 25, '105', '191', '3'),
(35, 26, '351', '371', '0'),
(36, 27, '816', '596', '12'),
(37, 28, '725', '220', '7'),
(38, 29, '22', '19', '0'),
(39, 30, '443', '385', '11'),
(40, 31, '57', '45', '1'),
(41, 32, '79', '75', '1'),
(42, 33, '5', '5', '0'),
(43, 34, '12', '12', '0'),
(44, 35, '42', '38', '1'),
(45, 36, '23', '20', '1'),
(46, 37, '159', '151', '6'),
(47, 38, '9', '4', '0'),
(48, 39, '3', '3', '0'),
(49, 40, '281', '231', '0'),
(50, 41, '506', '452', '1'),
(51, 42, '77', '74', '1'),
(52, 43, '173', '150', '0'),
(53, 44, '196', '190', '5'),
(54, 45, '15', '12', '0'),
(55, 46, '18', '17', '1'),
(56, 47, '78', '76', '2'),
(57, 48, '23', '20', '3'),
(58, 49, '18', '16', '1'),
(59, 50, '229', '225', '4'),
(60, 51, '572', '557', '9'),
(61, 52, '5129', '5028', '68'),
(62, 53, '314', '312', '2'),
(63, 54, '90', '85', '1'),
(64, 55, '144', '115', '6'),
(65, 56, '156', '152', '1'),
(66, 57, '17', '14', '1'),
(67, 58, '1237', '1216', '8'),
(68, 59, '33', '29', '1'),
(69, 60, '140', '137', '3'),
(70, 61, '43', '41', '2'),
(71, 62, '27', '62', '2'),
(72, 63, '11', '42', '0'),
(73, 64, '5', '17', '0'),
(74, 65, '56', '171', '4'),
(75, 66, '35', '53', '3'),
(76, 68, '62', '94', '6'),
(77, 69, '18', '34', '0'),
(78, 70, '46', '64', '3'),
(79, 71, '41', '68', '2'),
(80, 72, '15', '50', '2'),
(81, 73, '3', '7', '1'),
(82, 74, '3', '12', '1'),
(83, 75, '110', '140', '2'),
(84, 76, '32', '77', '1'),
(85, 77, '31', '85', '3'),
(86, 78, '35', '46', '0'),
(87, 79, '191', '550', '15'),
(88, 80, '87', '161', '6'),
(89, 81, '22', '63', '1'),
(90, 82, '16', '40', '1'),
(91, 83, '9', '25', '1'),
(92, 84, '30', '97', '3'),
(93, 85, '13', '29', '1'),
(94, 86, '26', '40', '0'),
(95, 87, '37', '99', '1'),
(96, 88, '6', '15', '0'),
(97, 89, '22', '49', '6'),
(98, 90, '19', '67', '1'),
(99, 91, '24', '50', '0'),
(100, 92, '3', '12', '0'),
(101, 93, '0', '0', '0'),
(102, 94, '24', '101', '0'),
(103, 95, '63', '94', '2'),
(104, 96, '107', '202', '7'),
(105, 97, '15', '44', '0'),
(106, 98, '55', '78', '1'),
(107, 99, '13', '17', '1'),
(108, 100, '62', '122', '1'),
(109, 101, '59', '102', '1'),
(110, 102, '4', '9', '1'),
(111, 103, '20', '20', '3'),
(112, 104, '73', '110', '3'),
(113, 105, '60', '79', '2'),
(114, 106, '25', '32', '0'),
(115, 107, '8', '41', '0'),
(116, 108, '88', '181', '4'),
(117, 109, '368', '543', '15');

-- --------------------------------------------------------

--
-- Struktur dari tabel `marker`
--

CREATE TABLE `marker` (
  `id_marker` int(11) NOT NULL,
  `kecamatan` varchar(100) NOT NULL,
  `latitude` varchar(100) NOT NULL,
  `longitude` varchar(100) NOT NULL
) ENGINE=InnoDB DEFAULT CHARSET=utf8mb4;

--
-- Dumping data untuk tabel `marker`
--

INSERT INTO `marker` (`id_marker`, `kecamatan`, `latitude`, `longitude`) VALUES
(1, 'Samarinda Utara', '-0.4401314144865473', '117.19442479731482'),
(2, 'Samarinda Ulu', '-0.4840279409668509', '117.12759003811806'),
(3, 'Samarinda Kota', '-0.49605329132571574', '117.15701868520085'),
(4, 'Samarinda Seberang', '-0.5098368018743032', '117.1383200819702'),
(6, 'Sungai Kunjang', '-0.514530673577901', '117.09214596847868'),
(8, 'Loa Janan Ilir', '-0.5756092166366052', '117.11370998384594'),
(9, 'Sungai Pinang', '-0.4599852023029347', '117.18044865709692'),
(10, 'Samarinda Ilir', '-0.4938509015103137', '117.16179631175945'),
(11, 'Sambutan', '-0.5064353224931246', '117.16947793973807'),
(12, 'Palaran', '-0.5794241601232462', '117.19118719641823'),
(13, 'Balikpapan Barat', '-1.2339637775325911', '116.82044755409183'),
(14, 'Balikpapan Selatan', '-1.2433138676589506', '116.89793091176273'),
(15, 'Balikpapan Timur', '-1.2240262449667578', '116.96439648107965'),
(19, 'Balikpapan Utara', '-1.2048490478454807', '116.86196086661397'),
(20, 'Balikpapan Kota', '-1.2711558321847887', '116.82471565353931'),
(21, 'Balikpapan Tengah', '-1.2697828787923606', '116.8274622355606'),
(22, 'Bontang Barat', '0.13237526082826304', '117.45950623882821'),
(23, 'Bontang Selatan', '0.12200354565839028', '117.48901922533638'),
(24, 'Bontang Utara', '0.13826811675887504', '117.4945239541722'),
(25, 'Long Apari', '0.7942440365617884', '114.27150009617856'),
(26, 'Long Pahangai', '0.9122609316495143', '114.69995164117725'),
(27, 'Longan Bagun', '0.5527614039184655', '115.208329419354'),
(28, 'Long Hubung', '0.2742719261383908', '115.43115959904465'),
(29, 'Laham', '0.3632471049441115', '115.39931470364455'),
(30, 'Tanah Grogot', '-1.902690884001991', '116.18927188301751'),
(31, 'Paser Belengkong', '-1.9621587407468613', '116.20993579650968'),
(32, 'Kuaro', '-1.814870821004006', '116.08446035713018'),
(33, 'Muara Samu', '-2.017319632288188', '115.93329485418218'),
(34, 'Muara Komam', '-1.6774669291034965', '115.81254116767222'),
(35, 'Long Ikis', '-1.5821243761277581', '116.19994313883566'),
(36, 'Long Kali', '-1.5273685938360022', '116.29974891504808'),
(37, 'Batu Sopang', '-1.8301173416656469', '115.92379685418102'),
(38, 'Batu Engau', '-2.2286097118827635', '116.0758854965113'),
(39, 'Tanjung Harapan', '-2.147162975960296', '116.43175203790479'),
(40, 'Sepaku', '-0.9095555133554722', '116.82361315835288'),
(41, 'Penajam', '-1.290220406038466', '116.73210474694568'),
(42, 'Waru', '-1.3895266880198265', '116.61945991717621'),
(43, 'Babulu', '-1.488715892787263', '116.46546441787976'),
(44, 'Muara Wahau', '1.2038093982838143', '116.83889209155889'),
(45, 'Busang', '1.0327405064697024', '116.32531107211867'),
(46, 'Long Mesangat', '0.5796451881252654', '116.72108169101563'),
(47, 'Muara Ancalong', '0.4253887372443122', '116.68360421920752'),
(48, 'Muara Bengkal', '0.43929291262114434', '116.71785066378557'),
(49, 'Batu Ampar', '-1.2145694380994503', '116.84107035358709'),
(50, 'Teluk Pandan', '0.23211235974069913', '117.47120519952233'),
(51, 'Sangatta Selatan', '0.43889252522639954', '117.31411709945523'),
(52, 'Sangatta Utara', '0.49661641240871973', '117.53594878115497'),
(53, 'Kaliorang', '0.8749032752225258', '117.86689572533396'),
(54, 'Sandaran', '0.8320107764500699', '118.49780689649803'),
(55, 'Sangkulirang', '0.9877533444637893', '117.97582253882568'),
(56, 'Kaubun', '1.0825197684309626', '117.85439696766143'),
(57, 'Karangan', '1.2804736490561723', '117.64348350304844'),
(58, 'Bengalon', '0.7490063669774931', '117.58450976766223'),
(59, 'Rantau Pulung', '0.6226917405659157', '117.28784899649872'),
(60, 'Kombeng', '1.1993978920864008', '116.94927249599384'),
(61, 'Telen', '0.893355481950804', '116.8650693866688'),
(62, 'Anggana', '-0.5727293142336294', '117.26711574487426'),
(63, 'Kembang Janggut', '0.1610942165072555', '116.36465858584266'),
(64, 'Kenohan', '0.00982478534645814', '116.36908060547353'),
(65, 'Kota Bangun', '-0.2652872977067106', '116.59135711184581'),
(66, 'Loa Janan', '-0.6020460008544236', '117.09330924381186'),
(68, 'Loa Kulu', '-0.5137336599326128', '117.02056855417469'),
(69, 'Marang Kayu', '-0.11262518294295192', '117.43051006766498'),
(70, 'Muara Badak', '-0.3326319412692436', '117.38532683882987'),
(71, 'Muara Jawa', '-0.8059654856035645', '117.23202560077794'),
(72, 'Muara Kaman', '-0.14679106787508422', '116.73168852533723'),
(73, 'Muara Muntai', '-0.33480848421243703', '116.39044761606797'),
(74, 'Muara Wis', '-0.3159428836532302', '116.48917666766586'),
(75, 'Samboja', '-1.0138419190676837', '117.08540863883276'),
(76, 'Sanga-Sanga', '-0.6639876496630625', '117.23012101184736'),
(77, 'Sebulu', '-0.2714989126396481', '117.0063368253377'),
(78, 'Tabang', '0.5750897407960037', '116.0223984900553'),
(79, 'Tenggarong', '-0.42470435300408904', '116.99206351105451'),
(80, 'Tenggarong Sebrang', '-0.38029907072249675', '117.11219693883017'),
(81, 'Mook Manor Bulant', '-0.16401852368434583', '115.88231479017655'),
(82, 'Tering', '-0.08432391168756719', '115.66210886766498'),
(83, 'Long Iram', '-0.006729706536321768', '115.631613454017'),
(84, 'Linggang Bigung', '-0.14162252382732363', '115.62347865417323'),
(85, 'Nyuatan', '-0.31646334885162336', '115.5154212572214'),
(86, 'Muara Lawa', '-0.4839932154854887', '115.77084957555768'),
(87, 'Damai', '-0.451847315612622', '115.70021268486266'),
(88, 'Bentian Besar', '-0.6901271490105148', '115.76828310991803'),
(89, 'Siluq Ngurai', '-0.5418551742569409', '115.90306743883065'),
(90, 'Bongan', '-0.7296604756291004', '116.2387480027848'),
(91, 'Jempang', '-0.48236277194694027', '116.14153861806948'),
(92, 'Muara Pahu', '-0.3266869125097945', '116.06061635417399'),
(93, 'Penyinggahan', '-0.3762986089829368', '116.22187225798018'),
(94, 'Melak', '-0.23687971212117853', '115.81310194023537'),
(95, 'Sekolaq Darat', '-0.2836666284887498', '115.74797602718988'),
(96, 'Barong Tongkok', '-0.23053729733776462', '115.69009769650158'),
(97, 'Batu Putih', '1.8132419332337675', '118.42616068465429'),
(98, 'Biatan', '1.6737003898960916', '118.01482583882412'),
(99, 'Biduk-Biduk', '1.249244213589271', '118.71306742864662'),
(100, 'Gunung Tabur', '2.1678065714846797', '117.48747109649541'),
(101, 'Kelay', '1.693980164394611', '117.08017395416815'),
(102, 'Maratua', '2.247274522155145', '118.56338223088773'),
(103, 'Derawan', '2.3261882248410672', '118.0924783723741'),
(104, 'Sambaliung', '2.166093867789449', '117.5001532253315'),
(105, 'Segah', '2.1868974455685093', '117.11691522347931'),
(106, 'Tabalar', '1.8097702843674868', '117.8703770716277'),
(107, 'Talisayan', '1.6083222247365767', '118.176147054017'),
(108, 'Teluk Bayur', '2.158421010677805', '117.42418715416751'),
(109, 'Tanjung Redeb', '2.1514030962737687', '117.47862449649551');

-- --------------------------------------------------------

--
-- Struktur dari tabel `tb_user`
--

CREATE TABLE `tb_user` (
  `id` int(11) NOT NULL,
  `username` varchar(100) NOT NULL,
  `password` varchar(100) NOT NULL
) ENGINE=InnoDB DEFAULT CHARSET=utf8mb4;

--
-- Dumping data untuk tabel `tb_user`
--

INSERT INTO `tb_user` (`id`, `username`, `password`) VALUES
(1, 'admin', 'admin'),
(2, 'dila', '35862fcf105f1aaa0b4f29ca71b96236');

--
-- Indexes for dumped tables
--

--
-- Indeks untuk tabel `cluster`
--
ALTER TABLE `cluster`
  ADD PRIMARY KEY (`id_cluster`),
  ADD UNIQUE KEY `id_covid` (`id_covid`);

--
-- Indeks untuk tabel `covid`
--
ALTER TABLE `covid`
  ADD PRIMARY KEY (`id_covid`),
  ADD UNIQUE KEY `id_marker` (`id_marker`);

--
-- Indeks untuk tabel `marker`
--
ALTER TABLE `marker`
  ADD PRIMARY KEY (`id_marker`);

--
-- Indeks untuk tabel `tb_user`
--
ALTER TABLE `tb_user`
  ADD PRIMARY KEY (`id`);

--
-- AUTO_INCREMENT untuk tabel yang dibuang
--

--
-- AUTO_INCREMENT untuk tabel `cluster`
--
ALTER TABLE `cluster`
  MODIFY `id_cluster` int(11) NOT NULL AUTO_INCREMENT;

--
-- AUTO_INCREMENT untuk tabel `covid`
--
ALTER TABLE `covid`
  MODIFY `id_covid` int(11) NOT NULL AUTO_INCREMENT, AUTO_INCREMENT=118;

--
-- AUTO_INCREMENT untuk tabel `marker`
--
ALTER TABLE `marker`
  MODIFY `id_marker` int(11) NOT NULL AUTO_INCREMENT, AUTO_INCREMENT=110;

--
-- AUTO_INCREMENT untuk tabel `tb_user`
--
ALTER TABLE `tb_user`
  MODIFY `id` int(11) NOT NULL AUTO_INCREMENT, AUTO_INCREMENT=3;

--
-- Ketidakleluasaan untuk tabel pelimpahan (Dumped Tables)
--

--
-- Ketidakleluasaan untuk tabel `covid`
--
ALTER TABLE `covid`
  ADD CONSTRAINT `covid_ibfk_1` FOREIGN KEY (`id_marker`) REFERENCES `marker` (`id_marker`);
COMMIT;

/*!40101 SET CHARACTER_SET_CLIENT=@OLD_CHARACTER_SET_CLIENT */;
/*!40101 SET CHARACTER_SET_RESULTS=@OLD_CHARACTER_SET_RESULTS */;
/*!40101 SET COLLATION_CONNECTION=@OLD_COLLATION_CONNECTION */;
